{"cameraMode":{"drawMode":0,"name":"Shaded","section":"Shading Mode"},"sceneLighting":true,"audioPlay":false,"sceneViewState":{"m_AlwaysRefresh":false,"showFog":true,"showSkybox":false,"showFlares":true,"showImageEffects":true,"showParticleSystems":true,"showVisualEffectGraphs":true,"m_FxEnabled":true},"in2DMode":false,"pivot":{"x":8.26213550567627,"y":4.426153182983398,"z":6.9698591232299809},"rotation":{"x":0.21021530032157899,"y":-0.007039504125714302,"z":0.0015222763177007437,"w":0.9776403307914734},"size":23.01062774658203,"orthographic":false}